,Survival
original_glcm_InverseVariance.3,-3.3361188535022705e-05
original_glcm_JointEnergy.8,0.0001849075433040611
original_glcm_DifferenceVariance.5,-0.0002087814391301806
original_glcm_ClusterTendency.5,0.00026209531603340865
original_glcm_JointEntropy.2,0.0003233879709868767
original_glcm_SumSquares.5,-0.0003424344795278372
original_glcm_JointAverage.8,0.000555277366248668
original_glcm_MaximumProbability.7,0.0005557277379693258
original_glcm_DifferenceAverage.4,-0.0007336840348562624
original_glszm_LowGrayLevelZoneEmphasis.7,-0.0007398218860741678
original_glszm_GrayLevelNonUniformityNormalized,-0.00075644981259048
original_glcm_Contrast.4,0.0009854335371666976
original_glcm_InverseVariance.11,0.0009913873075693034
original_glrlm_LongRunLowGrayLevelEmphasis.11,0.0010387676597109405
original_firstorder_Minimum.4,0.0011484345363446562
original_firstorder_Entropy.6,-0.001374990924436139
original_glrlm_LongRunEmphasis.9,-0.0014538845117524155
original_glszm_LargeAreaLowGrayLevelEmphasis.1,0.0015903348101960907
original_firstorder_Uniformity.4,0.0016452478737289506
original_glrlm_RunPercentage.8,0.0017665844593603764
original_gldm_LargeDependenceLowGrayLevelEmphasis,0.0020331175062383833
original_glrlm_GrayLevelVariance.5,0.0020591595544171798
original_gldm_GrayLevelVariance.5,0.0020612597739869307
original_firstorder_Variance.5,0.002072509334648161
original_gldm_LargeDependenceEmphasis.7,0.0021990759649795767
original_glrlm_ShortRunEmphasis.8,0.002323013532456418
original_glszm_SmallAreaEmphasis.3,0.0025641624839465756
original_gldm_LargeDependenceLowGrayLevelEmphasis.3,-0.0027867190798330143
original_glcm_DifferenceVariance.4,-0.003006858021296752
original_glszm_GrayLevelNonUniformityNormalized.7,0.003041539451043897
original_glcm_ClusterShade.11,0.003058363097515162
original_firstorder_Skewness.11,0.003211499513211242
original_glszm_SmallAreaLowGrayLevelEmphasis.7,0.0033763566507412726
original_glcm_DifferenceEntropy.4,0.003478413109006734
original_glszm_SmallAreaEmphasis.10,0.003645815397719111
original_glcm_DifferenceEntropy.5,-0.003705142839467485
original_glcm_JointEntropy.6,-0.0037759172678980004
original_glrlm_RunVariance.9,-0.0038925957522103257
original_glcm_ClusterShade,0.004014193389930076
original_glrlm_GrayLevelNonUniformityNormalized.4,0.0040937387879270565
original_firstorder_Variance.3,-0.004201898713963794
original_gldm_GrayLevelVariance.3,-0.004205507663064938
original_gldm_DependenceNonUniformityNormalized.6,0.004420014109306659
original_glszm_SmallAreaEmphasis.8,-0.004569691349489176
original_glrlm_GrayLevelVariance.3,-0.004681708109110844
original_glrlm_RunLengthNonUniformityNormalized.8,-0.004765750884481596
original_firstorder_10Percentile.8,-0.00499843486089408
original_glszm_ZonePercentage.4,0.005010072542510529
original_glszm_GrayLevelVariance.5,-0.005177624429021059
original_glcm_DifferenceEntropy.6,0.005554641041758708
original_glrlm_LowGrayLevelRunEmphasis.7,0.005877559179106493
original_glrlm_RunPercentage.7,-0.00622155250418889
original_glcm_Id.7,0.006323528910242975
original_gldm_SmallDependenceEmphasis.7,-0.006332071753413149
original_glcm_Idm.7,0.006476463799488484
original_glcm_SumSquares.3,-0.006500005874957023
original_glszm_ZonePercentage.7,-0.006537872377839137
original_glcm_ClusterShade.10,0.0069776639254544364
original_gldm_LowGrayLevelEmphasis.7,0.007177510059348425
original_gldm_DependenceVariance.8,0.007454833684957315
original_firstorder_Skewness.6,-0.007687106386654968
original_glcm_SumEntropy.6,-0.007873809758679446
original_glcm_ClusterTendency.8,-0.00793749540168274
original_gldm_DependenceNonUniformityNormalized.4,0.00803343310009733
original_glszm_SizeZoneNonUniformityNormalized.10,0.008033646736583787
original_firstorder_TotalEnergy.6,-0.008287765214526127
original_firstorder_Energy.6,-0.008287765214526127
original_gldm_SmallDependenceHighGrayLevelEmphasis.2,-0.008523672052492338
original_glrlm_ShortRunEmphasis.7,-0.008578859702746643
original_glcm_Id.5,-0.008612532390415198
original_glcm_ClusterTendency.3,-0.00888199827735989
original_glcm_Contrast.5,-0.008943409029219042
original_glszm_SmallAreaEmphasis,-0.009292123982296034
original_firstorder_Kurtosis.7,0.009340442028528321
original_firstorder_Kurtosis.2,-0.009409108136819937
original_glcm_Idm.5,-0.00946475911716655
original_glcm_Imc1.6,0.009491114030052154
original_gldm_DependenceVariance.7,-0.009529842734327568
original_gldm_SmallDependenceHighGrayLevelEmphasis.4,-0.009555953034850132
original_glcm_JointEnergy.7,-0.0096161636746744
original_glcm_ClusterProminence.10,-0.009826527893924138
original_glrlm_RunVariance.11,0.009839196338570048
original_firstorder_Minimum.5,-0.01001982571542807
original_glszm_SmallAreaEmphasis.6,-0.010124435889714479
original_gldm_SmallDependenceEmphasis.5,0.010320833874529322
original_firstorder_InterquartileRange.2,0.010511364334842493
original_shape_Flatness.4,-0.010572568189510474
original_shape_Flatness.7,-0.010572568189510474
original_shape_Flatness.1,-0.010572568189510474
original_shape_Flatness.10,-0.010572568189510474
original_glrlm_GrayLevelVariance,-0.01058602789693662
original_gldm_DependenceVariance.1,0.010753816246981454
original_glszm_GrayLevelVariance.3,-0.010994359120855425
original_shape_Elongation.9,-0.011075097073052502
original_shape_Elongation.2,-0.011075097073052502
original_shape_Elongation.8,-0.011075097073052502
original_shape_Elongation.5,-0.011075097073052502
original_glcm_DifferenceAverage.5,-0.011075698033160981
original_gldm_LargeDependenceEmphasis.8,-0.011077754105786682
original_glszm_SizeZoneNonUniformityNormalized.3,0.011096753872350406
original_firstorder_10Percentile.7,-0.011193426568552977
original_glcm_ClusterProminence.11,0.01133330283315084
original_glcm_DifferenceAverage.3,0.01147354253440151
original_glrlm_RunLengthNonUniformityNormalized.7,-0.011490124761252834
original_glcm_SumSquares.8,-0.011519911268594054
original_firstorder_Variance,-0.0116331652395433
original_gldm_GrayLevelVariance,-0.011634419871676578
original_glrlm_ShortRunEmphasis.5,0.011705709075197428
original_gldm_LargeDependenceLowGrayLevelEmphasis.9,0.011746603996424467
original_firstorder_Minimum.6,0.011886124236191859
original_glrlm_LongRunEmphasis.11,0.011931717628878544
original_glcm_InverseVariance.6,-0.011975453596909753
original_glszm_ZonePercentage.5,0.012143977400681547
original_gldm_SmallDependenceHighGrayLevelEmphasis.9,-0.012217852014692528
original_gldm_SmallDependenceEmphasis.6,0.01223853328768904
original_firstorder_Kurtosis.10,-0.0126998815352032
original_firstorder_Median.2,-0.012825253571741139
original_glszm_LargeAreaHighGrayLevelEmphasis.9,-0.01283195103623565
original_glcm_JointEnergy.3,0.01298513640605531
original_gldm_DependenceNonUniformityNormalized.2,-0.01307530397062974
original_glcm_ClusterProminence.3,0.013192062275019617
original_glszm_GrayLevelNonUniformityNormalized.8,0.013409045948440846
original_glszm_LargeAreaHighGrayLevelEmphasis.7,-0.013502556389717767
original_shape_SurfaceVolumeRatio.8,-0.013513532345861997
original_shape_SurfaceVolumeRatio.2,-0.013513532345861997
original_shape_SurfaceVolumeRatio.9,-0.013513532345861997
original_shape_SurfaceVolumeRatio.5,-0.013513532345861997
original_glszm_SizeZoneNonUniformityNormalized.6,-0.013759016728649199
original_gldm_SmallDependenceEmphasis.4,0.01385090370094493
original_glcm_JointEnergy.2,0.013958743471392794
original_glrlm_RunLengthNonUniformityNormalized.5,0.013969121131849723
original_glcm_MaximumProbability.3,0.014016216188606746
original_firstorder_Mean.8,-0.014323615702477512
original_glcm_ClusterShade.3,0.014372924038899783
original_glcm_InverseVariance.9,0.014395640281251483
original_gldm_LargeDependenceEmphasis.1,0.014441013476218957
original_glrlm_LongRunLowGrayLevelEmphasis.10,0.0145119273025914
original_glrlm_ShortRunEmphasis.1,-0.014539326094858139
original_glcm_Contrast.3,0.014575179233265005
original_glszm_SizeZoneNonUniformityNormalized.8,-0.014583779957018803
original_gldm_LargeDependenceLowGrayLevelEmphasis.4,-0.014613943463124389
original_firstorder_Median.8,-0.015083509743064919
original_glrlm_GrayLevelNonUniformity.10,-0.015342940706118179
original_firstorder_RootMeanSquared.8,-0.015350427155171622
original_glrlm_LongRunEmphasis.1,0.015636107043408686
original_firstorder_Kurtosis.6,-0.01565939424763558
original_glszm_SizeZoneNonUniformityNormalized,0.015669267117298654
original_glcm_SumSquares,-0.015802213386467024
original_gldm_LargeDependenceLowGrayLevelEmphasis.7,-0.015907576741538528
original_glcm_InverseVariance.5,0.015923674194073156
original_glcm_DifferenceVariance.3,0.01603436890259462
original_glcm_ClusterProminence.9,0.016079164470846237
original_gldm_GrayLevelNonUniformity.7,-0.01608138236269857
original_firstorder_Minimum,0.016123085076022413
original_glrlm_RunVariance.7,-0.016947305581352674
original_glszm_GrayLevelVariance.8,-0.016993023307403897
original_gldm_GrayLevelVariance.4,-0.017037112806000506
original_firstorder_Variance.4,-0.017038015070787556
original_glszm_ZonePercentage.6,0.017047502554866634
original_gldm_GrayLevelVariance.9,-0.01704751429768591
original_firstorder_Variance.9,-0.017058618995966928
original_glrlm_GrayLevelVariance.9,-0.017271266412571196
original_firstorder_Skewness.10,-0.017704434090509393
original_glcm_Contrast.11,-0.017822481266840433
original_gldm_GrayLevelVariance.8,-0.017932426160273802
original_firstorder_Variance.8,-0.01794488658235837
original_glrlm_GrayLevelVariance.8,-0.01808318978047279
original_glcm_JointEntropy.3,-0.018153028534837256
original_glcm_DifferenceEntropy.7,-0.018177098332785576
original_firstorder_Uniformity.7,0.018500714257041546
original_gldm_GrayLevelNonUniformity.1,-0.018541874137315777
original_glrlm_GrayLevelVariance.4,-0.018571851569097627
original_glcm_SumSquares.4,-0.01880481879653527
original_gldm_LowGrayLevelEmphasis.8,0.01910712003816817
original_glszm_ZonePercentage.8,-0.019207464425071267
original_glcm_DifferenceVariance.11,-0.019226012107599902
original_glcm_InverseVariance,0.019294365115395118
original_shape_SurfaceVolumeRatio.10,-0.019370901244336085
original_shape_SurfaceVolumeRatio.1,-0.019370901244336085
original_shape_SurfaceVolumeRatio.4,-0.019370901244336085
original_shape_SurfaceVolumeRatio.7,-0.019370901244336085
original_glrlm_GrayLevelNonUniformityNormalized.7,0.019431520222978248
original_firstorder_90Percentile.8,-0.01947973286650742
original_glszm_GrayLevelVariance,-0.019677894487691895
original_glrlm_LongRunEmphasis.7,-0.01993244136343759
original_glcm_JointEntropy.4,-0.020366584074682996
original_firstorder_Mean.7,-0.02038055843826699
original_glcm_ClusterTendency.4,-0.0205758034649021
original_glrlm_LongRunLowGrayLevelEmphasis.9,-0.02071757797351633
original_glrlm_GrayLevelNonUniformity.7,-0.020900551352927288
original_firstorder_RootMeanSquared.7,-0.020978633103588485
original_firstorder_Median.7,-0.021368989575069004
original_gldm_DependenceNonUniformityNormalized.1,-0.02145328666417614
original_firstorder_Minimum.8,-0.021507964760204997
original_glcm_Contrast.9,-0.02155903382372494
original_glrlm_LongRunLowGrayLevelEmphasis.1,0.021651326499508315
original_glrlm_GrayLevelNonUniformity.4,-0.021805766351192052
original_glrlm_RunPercentage.1,-0.021852432301910432
original_glrlm_RunLengthNonUniformityNormalized.1,-0.022059700101751102
original_glcm_ClusterProminence.4,0.022083531855787725
original_glszm_GrayLevelNonUniformityNormalized.2,0.022211864951908935
original_glrlm_GrayLevelNonUniformityNormalized.8,0.022517022079109484
original_glcm_SumSquares.9,-0.022853484409045638
original_glcm_ClusterTendency.9,-0.022859102637603344
original_firstorder_Minimum.2,0.023217570653334133
original_glrlm_GrayLevelNonUniformityNormalized.2,0.02332265363582513
original_glrlm_RunEntropy.6,-0.02337125170370675
original_glcm_Autocorrelation.2,-0.0235519337403612
original_glrlm_LowGrayLevelRunEmphasis.8,0.023552283065594412
original_glszm_LowGrayLevelZoneEmphasis.6,0.023562435393673354
original_glcm_Id.8,0.02364373567633537
original_glrlm_RunPercentage.5,0.023664992565114683
original_glszm_LowGrayLevelZoneEmphasis.8,0.023737068678240488
original_glcm_DifferenceEntropy.3,0.02393717287125601
original_glrlm_RunVariance.1,0.02402849530350554
original_firstorder_90Percentile.2,-0.02418318454352841
original_firstorder_RootMeanSquared.2,-0.02460320558771959
original_glcm_Idm.8,0.024804813950008147
original_glrlm_RunLengthNonUniformityNormalized.4,0.02484380705176043
original_firstorder_90Percentile.7,-0.02496850897399347
original_glrlm_LongRunLowGrayLevelEmphasis,-0.02506703044029613
original_glcm_ClusterProminence.8,-0.025087692625080923
original_glcm_DifferenceVariance.9,-0.025215890925272117
original_glrlm_LongRunLowGrayLevelEmphasis.3,-0.025387298293736975
original_gldm_LargeDependenceLowGrayLevelEmphasis.1,0.025398319761609996
original_glszm_GrayLevelVariance.9,-0.02543343896094843
original_firstorder_Mean.2,-0.025488620955381555
original_gldm_DependenceVariance.2,-0.025580230730027166
original_firstorder_10Percentile.6,-0.025759907219215047
original_firstorder_Minimum.3,-0.02581451129984149
original_gldm_SmallDependenceEmphasis.8,-0.025933504894413165
original_gldm_DependenceNonUniformityNormalized.5,-0.026640072979004278
original_glcm_Id.1,0.026727023675857765
original_glcm_ClusterTendency,-0.026822580855973378
original_glcm_Id.6,-0.02706887238102904
original_glcm_MaximumProbability.6,-0.027243644948843432
original_gldm_SmallDependenceHighGrayLevelEmphasis,-0.027551871751559466
original_firstorder_Median.6,-0.027612311157715036
original_gldm_DependenceNonUniformityNormalized.7,-0.027726744726101635
original_firstorder_Maximum,-0.027793730997627122
original_gldm_LargeDependenceLowGrayLevelEmphasis.11,0.027809183388208914
original_gldm_LargeDependenceHighGrayLevelEmphasis.2,-0.02783513017036148
original_gldm_LargeDependenceLowGrayLevelEmphasis.5,-0.027887465800981153
original_glszm_LargeAreaHighGrayLevelEmphasis.10,0.02791315896890678
original_firstorder_RobustMeanAbsoluteDeviation.3,-0.027952912598199015
original_firstorder_Mean.6,-0.028042579556201708
original_firstorder_RootMeanSquared.6,-0.028285583504214878
original_firstorder_Entropy.2,-0.028434106250598647
original_firstorder_MeanAbsoluteDeviation.3,-0.02855396494996603
original_glszm_ZonePercentage.3,0.028579069160792673
original_glcm_Idm.4,-0.028754153372264564
original_gldm_LargeDependenceEmphasis.5,-0.028757321906030545
original_glrlm_ShortRunLowGrayLevelEmphasis.7,0.028774556837068924
original_glcm_Idm.1,0.028856324355265837
original_firstorder_TotalEnergy.8,-0.02906105155521253
original_firstorder_Energy.8,-0.02906105155521253
original_gldm_LowGrayLevelEmphasis.6,0.02907682823332994
original_glcm_Id.4,-0.02908088879955558
original_glrlm_GrayLevelNonUniformityNormalized.6,-0.029367479705852493
original_firstorder_Uniformity.6,-0.02938853952510227
original_firstorder_90Percentile.6,-0.029433165022712184
original_glszm_SmallAreaLowGrayLevelEmphasis.6,0.029474566139863777
original_firstorder_RobustMeanAbsoluteDeviation.2,0.029733934657758806
original_glcm_ClusterProminence.5,0.02978391409067623
original_glrlm_ShortRunEmphasis.4,0.029894005122664293
original_glcm_InverseVariance.2,0.030119394907794125
original_glcm_MaximumProbability.4,-0.030239473213133475
original_glszm_SmallAreaEmphasis.9,-0.030260157081801072
original_firstorder_InterquartileRange.3,-0.030697247355087415
original_glszm_GrayLevelVariance.2,0.030732548140701695
original_shape_Flatness.2,-0.0307846677003935
original_shape_Flatness.9,-0.0307846677003935
original_shape_Flatness.5,-0.0307846677003935
original_shape_Flatness.8,-0.0307846677003935
original_gldm_GrayLevelNonUniformity.10,0.030986842181399937
original_glcm_MaximumProbability.8,0.031054216117464884
original_glcm_DifferenceAverage.6,-0.03126747846311924
original_glcm_Imc2.6,0.03128422776292754
original_firstorder_RobustMeanAbsoluteDeviation.5,-0.03142957652772277
original_firstorder_MeanAbsoluteDeviation.2,0.03171442249318083
original_glcm_DifferenceAverage.7,-0.0317185327261614
original_glrlm_LongRunLowGrayLevelEmphasis.6,-0.03180647552801067
original_glcm_Idm.6,-0.031829796310208366
original_glrlm_LowGrayLevelRunEmphasis.6,0.03188655760413063
original_glrlm_LowGrayLevelRunEmphasis.5,0.03199567474509076
original_gldm_SmallDependenceEmphasis.3,0.03199649757478225
original_glszm_LargeAreaLowGrayLevelEmphasis.10,-0.03204271078365549
original_glcm_ClusterTendency.2,0.03216093534832172
original_glcm_DifferenceAverage.8,-0.03259416493476077
original_firstorder_TotalEnergy.3,-0.03274982582140734
original_firstorder_Energy.3,-0.03274982582140734
original_glcm_MaximumProbability.2,0.032943742831774335
original_glszm_SmallAreaHighGrayLevelEmphasis.4,-0.033080653483281756
original_gldm_LargeDependenceLowGrayLevelEmphasis.10,0.03309649110676305
original_glszm_SmallAreaEmphasis.2,0.03310057190542418
original_glszm_ZonePercentage.1,-0.03340680599579129
original_glcm_InverseVariance.7,0.03343473694012747
original_gldm_LargeDependenceLowGrayLevelEmphasis.8,-0.03353139087136987
original_glszm_SmallAreaLowGrayLevelEmphasis.8,0.03355163005418811
original_firstorder_InterquartileRange.4,-0.033628642306007005
original_glszm_LowGrayLevelZoneEmphasis.10,0.03365140047059492
original_glszm_ZoneEntropy.6,-0.03367439947383082
original_glcm_DifferenceEntropy.8,-0.033847478077447264
original_firstorder_MeanAbsoluteDeviation,0.03389873916435609
original_firstorder_Maximum.6,-0.034006230064658624
original_gldm_LowGrayLevelEmphasis.5,0.03429320367315518
original_gldm_LargeDependenceLowGrayLevelEmphasis.6,-0.034536915127736406
original_firstorder_RobustMeanAbsoluteDeviation.4,-0.03461742417663086
original_glcm_SumSquares.2,0.03474102575509149
original_glszm_GrayLevelNonUniformityNormalized.6,-0.03496318919624488
original_gldm_SmallDependenceEmphasis.1,-0.03515459936771343
original_gldm_HighGrayLevelEmphasis.2,-0.03555051251855559
original_firstorder_Range,-0.03605599663102194
original_glrlm_RunPercentage.4,0.0361265348750207
original_firstorder_Minimum.7,0.03645561169415619
original_glcm_JointEnergy.4,-0.036593026549585066
original_firstorder_InterquartileRange,0.03664664698124927
original_firstorder_Uniformity.8,0.03678340279381871
original_firstorder_MeanAbsoluteDeviation.6,-0.036834164046848604
original_firstorder_InterquartileRange.5,-0.03686904554760943
original_firstorder_RobustMeanAbsoluteDeviation,0.03691189971568123
original_glszm_SmallAreaLowGrayLevelEmphasis.3,0.037187487513805434
original_glrlm_LongRunEmphasis.8,-0.037220997647393714
original_glszm_ZoneVariance.7,-0.03730930047405841
original_glcm_JointAverage.2,-0.03735125737213984
original_glszm_LargeAreaEmphasis.7,-0.03736148573196903
original_glszm_SmallAreaHighGrayLevelEmphasis.9,-0.037500973076652795
original_gldm_DependenceNonUniformityNormalized.3,0.03777550749887299
original_firstorder_RobustMeanAbsoluteDeviation.6,-0.03784818337383424
original_gldm_DependenceVariance.6,-0.03789275861469021
original_glszm_ZonePercentage.11,-0.037954768054218706
original_firstorder_Kurtosis.1,-0.037975318828255424
original_glrlm_LongRunLowGrayLevelEmphasis.5,-0.038284979600180284
original_firstorder_InterquartileRange.6,-0.038592788645918495
original_glszm_SmallAreaEmphasis.5,0.03872843213951725
original_glrlm_GrayLevelNonUniformityNormalized.3,0.038831778564322246
original_glrlm_LongRunHighGrayLevelEmphasis.2,-0.03899360954743135
original_glrlm_LongRunLowGrayLevelEmphasis.7,-0.039163304187151395
original_gldm_LargeDependenceHighGrayLevelEmphasis.9,-0.039322420599818525
original_glszm_LowGrayLevelZoneEmphasis.4,0.039412093339489106
original_glrlm_ShortRunHighGrayLevelEmphasis.2,-0.039444459369315
original_glcm_Contrast.8,-0.039557634158879786
original_firstorder_MeanAbsoluteDeviation.4,-0.03970815666941411
original_glrlm_RunLengthNonUniformityNormalized.6,0.03972736740912348
original_glrlm_LongRunEmphasis.5,-0.039792068404124636
original_gldm_LargeDependenceEmphasis.6,-0.039992435712179676
original_glcm_JointEnergy.6,-0.0400065533148862
original_glcm_Autocorrelation.9,-0.040070141432873005
original_glrlm_RunPercentage.6,0.04023037266001482
original_firstorder_Kurtosis.9,0.040584138223952446
original_glszm_LargeAreaEmphasis.9,-0.04080787563040842
original_glrlm_ShortRunHighGrayLevelEmphasis.4,-0.04080919518562996
original_glszm_SizeZoneNonUniformity.3,-0.040832786621774364
original_glszm_ZoneVariance.9,-0.040865987329332706
original_firstorder_90Percentile,-0.04088940919991682
original_firstorder_Maximum.7,-0.04090713152164439
original_glcm_JointEnergy.1,0.040947501240902344
original_firstorder_MeanAbsoluteDeviation.5,-0.04106852442040424
original_glrlm_ShortRunEmphasis.6,0.04119438699222356
original_glszm_ZoneVariance.1,0.041228693338038205
original_firstorder_Maximum.8,-0.04134311889808593
original_glcm_Imc1.10,-0.041437695894268996
original_glszm_LargeAreaEmphasis.1,0.04153206127719619
original_glszm_LargeAreaLowGrayLevelEmphasis.9,-0.04163027501542772
original_gldm_DependenceNonUniformityNormalized.11,-0.041662834051844545
original_glcm_SumEntropy.2,-0.041777731046740985
original_firstorder_MeanAbsoluteDeviation.8,-0.041827701407885054
original_gldm_LargeDependenceHighGrayLevelEmphasis.8,0.04183469885427532
original_glrlm_ShortRunHighGrayLevelEmphasis.9,-0.04205411875337539
original_glrlm_LongRunEmphasis.3,-0.042104755265721786
original_glrlm_RunVariance.8,-0.04229038088270932
original_glcm_Id.3,-0.042363945882382584
original_gldm_GrayLevelNonUniformity.4,-0.04247703150370436
original_gldm_DependenceVariance.5,-0.04267853284494302
original_glszm_LargeAreaHighGrayLevelEmphasis.1,-0.04272114130146324
original_firstorder_Uniformity.3,0.042826928345027535
original_firstorder_RobustMeanAbsoluteDeviation.8,-0.042869453116091485
original_firstorder_InterquartileRange.8,-0.04287983594941525
original_glszm_SizeZoneNonUniformityNormalized.5,0.04293700110408378
original_gldm_SmallDependenceEmphasis.11,-0.04307788224954823
original_firstorder_Energy.4,-0.04314736204229517
original_firstorder_TotalEnergy.4,-0.04314736204229517
original_gldm_LargeDependenceEmphasis.4,-0.043309450533546075
original_glrlm_HighGrayLevelRunEmphasis.2,-0.04335835775983834
original_glrlm_ShortRunEmphasis.3,0.04338199657209081
original_firstorder_Entropy.4,-0.04346763188417148
original_firstorder_Range.8,-0.04350069510021301
original_glcm_DifferenceAverage.11,-0.04359535452781501
original_shape_Flatness,0.04360503417317863
original_shape_Flatness.3,0.04360503417317863
original_shape_Flatness.6,0.04360503417317863
original_shape_Flatness.11,0.04360503417317863
original_glrlm_LongRunLowGrayLevelEmphasis.8,-0.04371521132808657
original_glszm_LargeAreaEmphasis.10,0.0437547473015307
original_glszm_ZoneVariance.10,0.04389739291402622
original_gldm_SmallDependenceHighGrayLevelEmphasis.10,-0.043975470699104256
original_gldm_LargeDependenceEmphasis.3,-0.044092159733912076
original_glrlm_LongRunHighGrayLevelEmphasis.9,-0.04421409016741473
original_firstorder_Entropy.3,-0.044251487191586746
original_gldm_HighGrayLevelEmphasis.9,-0.04427868820644711
original_glrlm_RunVariance.6,-0.044280331082988005
original_glcm_DifferenceVariance.8,-0.044471971271878165
original_shape_SurfaceVolumeRatio.11,0.04457416905974462
original_shape_SurfaceVolumeRatio.3,0.04457416905974462
original_shape_SurfaceVolumeRatio.6,0.04457416905974462
original_shape_SurfaceVolumeRatio,0.04457416905974462
original_glrlm_LongRunEmphasis.6,-0.044640310824508395
original_glszm_SmallAreaLowGrayLevelEmphasis.4,0.04465039635693456
original_glcm_SumEntropy.4,-0.04475097022515443
original_gldm_LowGrayLevelEmphasis.2,0.04494431785132335
original_glrlm_HighGrayLevelRunEmphasis.9,-0.04495051385294951
original_glcm_JointEntropy.7,-0.044979634138503276
original_glcm_Idm.3,-0.0450945471067536
original_gldm_DependenceNonUniformityNormalized.8,-0.04513617105638841
original_glszm_LargeAreaHighGrayLevelEmphasis.6,-0.045545862923794145
original_firstorder_Uniformity.2,0.0455763549473694
original_glszm_HighGrayLevelZoneEmphasis.4,-0.045788253404918496
original_gldm_SmallDependenceHighGrayLevelEmphasis.7,-0.045819324582167816
original_glszm_LargeAreaLowGrayLevelEmphasis.2,-0.046080730749783985
original_glcm_SumEntropy,0.046108979339866296
original_glrlm_LongRunLowGrayLevelEmphasis.2,-0.046227655632949075
original_firstorder_Minimum.11,-0.0463901198066422
original_firstorder_Minimum.9,-0.046598992007400634
original_glcm_ClusterShade.4,-0.04662174561093196
original_glrlm_LongRunLowGrayLevelEmphasis.4,-0.0466637669999746
original_glszm_GrayLevelNonUniformityNormalized.4,0.047039011029501185
original_glszm_ZoneVariance.4,-0.04738193570739588
original_glszm_LargeAreaEmphasis.4,-0.04739965804070103
original_glrlm_HighGrayLevelRunEmphasis.4,-0.04761666669314422
original_gldm_HighGrayLevelEmphasis.4,-0.04764246329421858
original_glcm_Autocorrelation.4,-0.04773847959209186
original_gldm_GrayLevelVariance.11,-0.04780249565124771
original_firstorder_Variance.11,-0.04783088906708545
original_glszm_SizeZoneNonUniformityNormalized.2,0.04800697876655195
original_glszm_HighGrayLevelZoneEmphasis.9,-0.04802809806583505
original_gldm_LowGrayLevelEmphasis.3,0.04808984578944696
original_gldm_SmallDependenceHighGrayLevelEmphasis.11,-0.04810850811902691
original_glszm_LargeAreaLowGrayLevelEmphasis.5,-0.04812728440511715
original_glszm_GrayLevelVariance.4,-0.04814381386438735
original_glrlm_RunVariance.5,-0.048172094331283076
original_glrlm_ShortRunHighGrayLevelEmphasis.7,-0.04820551277293574
original_glrlm_GrayLevelVariance.11,-0.04825468407859939
original_glszm_SizeZoneNonUniformityNormalized.9,-0.04838615098087628
original_glszm_LowGrayLevelZoneEmphasis.3,0.04877577321675576
original_glrlm_ShortRunLowGrayLevelEmphasis.6,0.048899924114109455
original_glszm_SmallAreaLowGrayLevelEmphasis.10,0.04892909894560424
original_glcm_Autocorrelation.7,-0.048932634240522195
original_glrlm_ShortRunEmphasis.11,-0.04939533971681446
original_gldm_HighGrayLevelEmphasis.7,-0.04967739957751225
original_glrlm_HighGrayLevelRunEmphasis.7,-0.04980079487403087
original_glrlm_LongRunEmphasis.2,-0.04989465262928156
original_glcm_SumSquares.11,-0.05012397415263603
original_glszm_SmallAreaHighGrayLevelEmphasis.7,-0.05018927491101397
original_glszm_LargeAreaEmphasis.6,-0.050298223172003644
original_glrlm_RunLengthNonUniformityNormalized.3,0.050340768943099905
original_glrlm_LowGrayLevelRunEmphasis.3,0.0503946450780786
original_glszm_ZoneVariance.6,-0.05048468527326596
original_glrlm_RunVariance.3,-0.05055107931228487
original_glcm_InverseVariance.10,0.05083646386290582
original_glszm_SizeZoneNonUniformityNormalized.11,-0.050897877297033205
original_glszm_HighGrayLevelZoneEmphasis.7,-0.051159302834960355
original_gldm_SmallDependenceHighGrayLevelEmphasis.3,-0.051365358627575394
original_glcm_Contrast.7,-0.05136621979177579
original_firstorder_10Percentile.2,-0.05150639431196167
original_glcm_DifferenceEntropy.1,-0.05150929153807597
original_glszm_SizeZoneNonUniformity.4,-0.051573749167800276
original_glrlm_RunPercentage.3,0.05187390956088393
original_glrlm_GrayLevelNonUniformity.1,-0.052090289148360926
original_glszm_LargeAreaLowGrayLevelEmphasis.8,-0.05248286884475457
original_shape_Elongation.6,0.05253717467345555
original_shape_Elongation,0.05253717467345555
original_shape_Elongation.3,0.05253717467345555
original_shape_Elongation.11,0.05253717467345555
original_glszm_LargeAreaEmphasis.11,-0.052677657732572776
original_glszm_ZoneVariance.11,-0.05270522839870106
original_firstorder_Energy.5,-0.0527176107479216
original_firstorder_TotalEnergy.5,-0.0527176107479216
original_glcm_ClusterTendency.11,-0.052893969628033465
original_glszm_LargeAreaLowGrayLevelEmphasis,-0.05292844237229175
original_glrlm_RunVariance.2,-0.05318865276279882
original_glcm_SumEntropy.3,-0.053278714995875255
original_glrlm_RunLengthNonUniformityNormalized.11,-0.0533246325578815
original_glcm_ClusterShade.5,0.053571381865854556
original_firstorder_Skewness.7,0.05367891524321045
original_gldm_DependenceEntropy.6,-0.0538843471978314
original_glrlm_GrayLevelNonUniformityNormalized,-0.053999763510649695
original_firstorder_Range.6,-0.0541077283945021
original_glcm_DifferenceVariance.7,-0.05438861848515831
original_glszm_LargeAreaLowGrayLevelEmphasis.11,-0.05439931347956927
original_firstorder_Minimum.1,-0.05499339596223214
original_gldm_LargeDependenceEmphasis.11,0.05530993144246343
original_firstorder_Skewness.1,0.05571347983807628
original_glszm_GrayLevelVariance.7,-0.055940891120446874
original_glrlm_ShortRunLowGrayLevelEmphasis.8,0.05597998332415518
original_glcm_InverseVariance.4,0.056491442258948345
original_glrlm_RunPercentage.11,-0.056497443069808514
original_firstorder_Entropy,0.05662791031582141
original_glrlm_GrayLevelVariance.7,-0.05707836760124344
original_glszm_SmallAreaEmphasis.7,0.057164327369545735
original_glszm_LargeAreaLowGrayLevelEmphasis.4,-0.057218031373052654
original_glszm_GrayLevelVariance.6,-0.05724487305727864
original_firstorder_Variance.7,-0.05734187250370679
original_gldm_GrayLevelVariance.7,-0.05734365994472879
original_glrlm_GrayLevelVariance.6,-0.05755608250082726
original_gldm_GrayLevelVariance.6,-0.057560616016049
original_firstorder_Variance.6,-0.057572759835921326
original_glrlm_LowGrayLevelRunEmphasis.4,0.05788339759159022
original_glcm_ClusterShade.9,-0.05788904767966034
original_glszm_SizeZoneNonUniformityNormalized.7,0.057941422651512066
original_glrlm_GrayLevelNonUniformityNormalized.1,0.05811327172894171
original_glcm_InverseVariance.8,0.058146330466004474
original_firstorder_Maximum.2,-0.05832745242629839
original_glcm_JointEntropy.8,-0.05844015184825879
original_glcm_DifferenceEntropy.11,-0.05844611551422288
original_firstorder_90Percentile.4,-0.05861213805953389
original_glrlm_LongRunEmphasis.4,-0.05863178798038536
original_firstorder_Entropy.7,-0.058667826967972084
original_firstorder_Maximum.3,-0.05873716160862397
original_firstorder_Uniformity,-0.058759104154726266
original_gldm_SmallDependenceHighGrayLevelEmphasis.6,-0.05878364066057754
original_glszm_GrayLevelNonUniformityNormalized.3,0.058815094959147135
original_glszm_ZoneEntropy,-0.05899809875989082
original_glcm_SumSquares.7,-0.0596966390501631
original_firstorder_RootMeanSquared,-0.0597416825420133
original_glcm_ClusterShade.1,0.059770785327520407
original_glcm_ClusterTendency.6,-0.05982341778405756
original_glcm_SumSquares.6,-0.06029882972287981
original_glcm_ClusterShade.7,-0.060318345670037535
original_glszm_SizeZoneNonUniformity.5,-0.06035017641330269
original_glcm_Contrast.6,-0.06038456725293687
original_gldm_LowGrayLevelEmphasis.4,0.060431364939355706
original_glcm_ClusterTendency.7,-0.06053343259015043
original_glcm_SumEntropy.7,-0.060690491236737525
original_glrlm_RunVariance.4,-0.06077797905949666
original_shape_Elongation.4,-0.06102509812104492
original_shape_Elongation.10,-0.06102509812104492
original_shape_Elongation.7,-0.06102509812104492
original_shape_Elongation.1,-0.06102509812104492
original_gldm_DependenceVariance.4,-0.06105801042301203
original_firstorder_RootMeanSquared.4,-0.061102476994374294
original_firstorder_Mean.4,-0.06110595421851595
original_firstorder_90Percentile.3,-0.06117269719098516
original_firstorder_Median.4,-0.06168224619015342
original_glszm_ZonePercentage.9,-0.06181235433557005
original_glcm_ClusterProminence.7,-0.06181620652174441
original_firstorder_Mean,-0.06183270616363848
original_glrlm_ShortRunLowGrayLevelEmphasis.5,0.062199922633338026
original_glcm_DifferenceVariance.6,-0.06239911217190533
original_glszm_SmallAreaEmphasis.1,0.06247680764312467
original_glszm_GrayLevelVariance.11,-0.06259118861485834
original_glszm_LargeAreaLowGrayLevelEmphasis.3,-0.06269815376354217
original_glszm_SmallAreaHighGrayLevelEmphasis.6,-0.06271221700122584
original_firstorder_10Percentile.4,-0.06271757271969726
original_glrlm_LongRunHighGrayLevelEmphasis.7,-0.06272360969613439
original_glcm_DifferenceAverage.1,-0.06273809640283746
original_glszm_SmallAreaHighGrayLevelEmphasis.8,0.06303988267334831
original_gldm_DependenceEntropy,-0.06307098408953385
original_glszm_SmallAreaEmphasis.11,-0.0633587685856647
original_glcm_Id.11,0.06358967417200365
original_glcm_Idm.11,0.063619285008987
original_firstorder_MeanAbsoluteDeviation.7,-0.06383136748615721
original_glszm_LargeAreaEmphasis.3,-0.06384810234955705
original_gldm_LargeDependenceLowGrayLevelEmphasis.2,-0.06392603965806931
original_glszm_ZoneVariance.3,-0.06400512445347965
original_firstorder_Range.7,-0.06402899872604019
original_glszm_LargeAreaLowGrayLevelEmphasis.7,-0.06422343646748734
original_glcm_ClusterShade.6,-0.06433938034509878
original_glszm_LargeAreaEmphasis.5,-0.06468394630670779
original_glszm_ZonePercentage.2,0.06482912797365205
original_glszm_ZoneVariance.5,-0.06491183474815873
original_glszm_SizeZoneNonUniformityNormalized.1,0.0650217329529971
original_glcm_ClusterProminence,-0.06510318195771886
original_gldm_SmallDependenceHighGrayLevelEmphasis.5,-0.06555165929402455
original_glrlm_ShortRunHighGrayLevelEmphasis.6,-0.0655889906578016
original_glszm_HighGrayLevelZoneEmphasis.6,-0.06566642918727038
original_glcm_ClusterShade.8,-0.0658162865413358
original_glszm_LargeAreaLowGrayLevelEmphasis.6,-0.06618371197218581
original_firstorder_Entropy.8,-0.06621005919994938
original_glrlm_HighGrayLevelRunEmphasis.6,-0.06629266435456757
original_glcm_Autocorrelation.6,-0.06631801904268761
original_gldm_HighGrayLevelEmphasis.6,-0.0663384008142339
original_firstorder_RootMeanSquared.3,-0.06684730927088556
original_gldm_SmallDependenceEmphasis.2,0.06704536281855766
original_gldm_SmallDependenceHighGrayLevelEmphasis.8,0.06707560129103886
original_firstorder_Median,-0.06712494641492783
original_firstorder_Mean.3,-0.06713563735088479
original_firstorder_Skewness.5,0.06721656751313432
original_glcm_DifferenceVariance.10,-0.06725125904924874
original_glszm_HighGrayLevelZoneEmphasis.8,0.06744773384153797
original_glrlm_LowGrayLevelRunEmphasis.2,0.06745824818374807
original_gldm_LargeDependenceEmphasis.2,-0.06778647956408924
original_gldm_SmallDependenceEmphasis.9,-0.0678222187641248
original_glcm_Contrast.2,0.0679830422427667
original_glszm_SmallAreaHighGrayLevelEmphasis.2,-0.06811994407357247
original_glszm_LargeAreaEmphasis.8,-0.06825239336562633
original_firstorder_Variance.2,0.06826145356775898
original_glszm_ZoneVariance.8,-0.0683325501180764
original_gldm_GrayLevelVariance.2,0.06837483879825411
original_firstorder_RobustMeanAbsoluteDeviation.7,-0.06837952689274807
original_glszm_GrayLevelNonUniformity.4,-0.06840641366717654
original_firstorder_Energy.7,-0.06850822387423211
original_firstorder_TotalEnergy.7,-0.06850822387423211
original_firstorder_90Percentile.5,-0.06854287321129113
original_gldm_DependenceVariance.3,-0.06860925349974167
original_gldm_DependenceEntropy.2,-0.06890755450839534
original_glszm_LargeAreaHighGrayLevelEmphasis.8,-0.06898049756946531
original_gldm_SmallDependenceLowGrayLevelEmphasis.8,0.06899288596288271
original_firstorder_Kurtosis.3,-0.06906975720491673
original_firstorder_Energy.11,-0.06940996811378142
original_firstorder_TotalEnergy.11,-0.06940996811378142
original_firstorder_Median.3,-0.06944690959546777
original_gldm_GrayLevelNonUniformity.11,-0.06947621948802629
original_glszm_SmallAreaHighGrayLevelEmphasis.10,-0.06980629072984058
original_glcm_Contrast.10,-0.06990691397234539
original_glszm_SmallAreaHighGrayLevelEmphasis.3,-0.07027020536683667
original_glrlm_RunPercentage.2,0.07035859033541567
original_glrlm_LongRunHighGrayLevelEmphasis.6,-0.07036577587217827
original_firstorder_Range.3,-0.07038251362199405
original_firstorder_InterquartileRange.7,-0.07044200601709763
original_firstorder_10Percentile.3,-0.07044354888053325
original_glszm_LargeAreaEmphasis.2,-0.07048541291401812
original_firstorder_RootMeanSquared.5,-0.07049125896606175
original_glszm_ZoneVariance.2,-0.07049565111837679
original_firstorder_Mean.5,-0.07062961839951042
original_glcm_MaximumProbability,-0.07069469139813092
original_glszm_SmallAreaHighGrayLevelEmphasis,-0.07069778672029432
original_glszm_LowGrayLevelZoneEmphasis.5,0.07081770844831735
original_glrlm_RunLengthNonUniformityNormalized.2,0.07084732708144412
original_firstorder_Median.5,-0.07102413940925918
original_glcm_Idn.10,-0.07106912768225496
original_firstorder_Uniformity.1,0.07130850221597076
original_glcm_MaximumProbability.1,0.07177592448275515
original_firstorder_10Percentile.5,-0.07211562905186207
original_glrlm_RunEntropy,-0.07266195571113644
original_glcm_JointAverage.6,-0.07291845726765805
original_glrlm_LongRunHighGrayLevelEmphasis.8,0.07307295636783771
original_glrlm_GrayLevelVariance.2,0.07331359562590439
original_glcm_JointEnergy,-0.07342059333249171
original_glrlm_GrayLevelVariance.10,-0.07424889773146419
original_glrlm_HighGrayLevelRunEmphasis.8,0.07435288805226696
original_glrlm_ShortRunHighGrayLevelEmphasis.8,0.07447531341333746
original_glcm_Idn.8,-0.07454122579414275
original_firstorder_Minimum.10,-0.07471734092430549
original_gldm_GrayLevelVariance.10,-0.07504102399752066
original_gldm_HighGrayLevelEmphasis.8,0.0750424470641293
original_firstorder_Variance.10,-0.07506672676440297
original_glcm_SumEntropy.8,-0.0750781377457417
original_glcm_SumSquares.10,-0.07527821852805404
original_glcm_DifferenceAverage.9,-0.07544070128185941
original_glrlm_ShortRunEmphasis.2,0.0754642714200796
original_glrlm_LowGrayLevelRunEmphasis.10,0.07554029443593244
original_glcm_ClusterTendency.10,-0.07557713141568358
original_firstorder_RobustMeanAbsoluteDeviation.9,-0.0756559346490108
original_glcm_Idm.2,-0.0761915758543516
original_glrlm_ShortRunLowGrayLevelEmphasis.3,0.07633898147865797
original_glcm_JointAverage.7,-0.0766153717382638
original_glcm_Id.2,-0.07667073464489235
original_firstorder_Maximum.5,-0.07678154476421575
original_firstorder_InterquartileRange.9,-0.07682859126806127
original_glcm_DifferenceVariance.2,0.07686045984023475
original_firstorder_Maximum.4,-0.0771786576961861
original_glcm_DifferenceAverage.2,0.07725223065566152
original_glcm_ClusterProminence.6,-0.07729403921864601
original_firstorder_10Percentile,-0.07746718953429423
original_glcm_Correlation.6,-0.07791959695368858
original_glszm_SmallAreaHighGrayLevelEmphasis.11,-0.07797164841574618
original_glszm_SmallAreaHighGrayLevelEmphasis.5,-0.0783431445765792
original_glszm_HighGrayLevelZoneEmphasis.2,-0.07834375272873347
original_firstorder_Range.2,-0.07842269848481066
original_gldm_DependenceVariance.11,0.07873567605293123
original_glrlm_ShortRunHighGrayLevelEmphasis.10,-0.07922877402181189
original_glcm_JointEnergy.11,0.0795982519783873
original_glszm_GrayLevelVariance.10,-0.07975493140812223
original_glcm_Imc1.8,0.07993548600969494
original_glcm_JointEnergy.5,0.08070048973575583
original_glcm_DifferenceEntropy.2,0.08079778500266509
original_glrlm_ShortRunHighGrayLevelEmphasis.5,-0.08097661463051581
original_glcm_Autocorrelation.8,0.08132411910222798
original_glszm_HighGrayLevelZoneEmphasis.10,-0.08160233691482074
original_glrlm_ShortRunHighGrayLevelEmphasis.3,-0.08184410301070492
original_glszm_HighGrayLevelZoneEmphasis.3,-0.08187771513985757
original_glrlm_LowGrayLevelRunEmphasis.1,0.08188639308219334
original_gldm_GrayLevelNonUniformity.9,-0.08220640155741438
original_gldm_LowGrayLevelEmphasis.1,0.08223311002717497
original_glcm_JointEntropy.5,-0.08233309918929618
original_gldm_HighGrayLevelEmphasis.10,-0.08262923774689714
original_glrlm_HighGrayLevelRunEmphasis.10,-0.08266213906746604
original_glcm_Autocorrelation.10,-0.0828405046019137
original_gldm_LowGrayLevelEmphasis.10,0.0833538066981341
original_glrlm_ShortRunHighGrayLevelEmphasis,-0.08341803938076803
original_glszm_HighGrayLevelZoneEmphasis,-0.08378535677619145
original_glszm_LargeAreaEmphasis,-0.08417237780538096
original_gldm_HighGrayLevelEmphasis.5,-0.0844629805414178
original_glcm_Contrast.1,-0.08451021446098146
original_glszm_ZoneVariance,-0.08458840933667555
original_glrlm_HighGrayLevelRunEmphasis.5,-0.08459099528130459
original_glcm_InverseVariance.1,0.08482161106868846
original_glcm_JointEntropy,0.08501129297741257
original_glcm_JointEnergy.10,0.08522849090034433
original_glszm_SmallAreaEmphasis.4,0.08530392591082898
original_glszm_HighGrayLevelZoneEmphasis.5,-0.08549062207090367
original_glrlm_HighGrayLevelRunEmphasis.3,-0.08550260235428339
original_glcm_Autocorrelation.5,-0.08561131989583692
original_firstorder_Energy.10,-0.08574874508652482
original_firstorder_TotalEnergy.10,-0.08574874508652482
original_glszm_LargeAreaHighGrayLevelEmphasis.2,-0.08576940365187903
original_gldm_HighGrayLevelEmphasis.3,-0.08585796562704164
original_glszm_SmallAreaLowGrayLevelEmphasis.1,0.08657792882617715
original_shape_MeshVolume.7,-0.08684474010428272
original_shape_MeshVolume.1,-0.08684474010428272
original_shape_MeshVolume.4,-0.08684474010428272
original_shape_MeshVolume.10,-0.08684474010428272
original_firstorder_Median.9,-0.08693994363394741
original_firstorder_Skewness.8,0.08699418431256789
original_glrlm_RunEntropy.2,-0.08718928056578142
original_shape_VoxelVolume.4,-0.08761936639042543
original_shape_VoxelVolume.10,-0.08761936639042543
original_shape_VoxelVolume.7,-0.08761936639042543
original_shape_VoxelVolume.1,-0.08761936639042543
original_glcm_DifferenceVariance.1,-0.08809239516676715
original_glcm_Autocorrelation.3,-0.08811303881999027
original_gldm_SmallDependenceHighGrayLevelEmphasis.1,-0.08846013062807845
original_glrlm_ShortRunHighGrayLevelEmphasis.11,-0.08868988193634265
original_glcm_Idmn.8,-0.08869136963345763
original_firstorder_MeanAbsoluteDeviation.9,-0.08900863285069496
original_glszm_LowGrayLevelZoneEmphasis.11,0.08901764540148233
original_glcm_Imc1.9,0.08919580926653017
original_gldm_SmallDependenceLowGrayLevelEmphasis.5,0.08958569381787168
original_glcm_JointAverage,-0.08960839740609028
original_glrlm_RunEntropy.8,-0.0896513568503282
original_glrlm_LongRunHighGrayLevelEmphasis.10,-0.08965728503586949
original_glszm_LargeAreaHighGrayLevelEmphasis.11,-0.09030144100683597
original_gldm_DependenceNonUniformityNormalized.9,-0.0905509040562539
original_glcm_JointEntropy.1,-0.09096528077627274
original_gldm_DependenceEntropy.7,-0.09099327329822458
original_glszm_HighGrayLevelZoneEmphasis.11,-0.0913992221231146
original_firstorder_10Percentile.9,-0.09196946208950421
original_glszm_SmallAreaLowGrayLevelEmphasis,0.09228031351254391
original_glszm_SizeZoneNonUniformity,-0.09246368368727162
original_glcm_Idmn.10,-0.09261059490569122
original_gldm_LowGrayLevelEmphasis.11,0.0927872380120318
original_firstorder_Mean.9,-0.09313738202260594
original_glrlm_LowGrayLevelRunEmphasis.11,0.09368557358034373
original_firstorder_RootMeanSquared.9,-0.0937772923467072
original_gldm_HighGrayLevelEmphasis.11,-0.09383955916405558
original_gldm_SmallDependenceLowGrayLevelEmphasis.7,0.09387903075702551
original_glrlm_HighGrayLevelRunEmphasis.11,-0.09387979655870306
original_firstorder_InterquartileRange.11,-0.09390505815016033
original_glrlm_HighGrayLevelRunEmphasis,-0.09405439262345892
original_glrlm_ShortRunLowGrayLevelEmphasis.10,0.09422736521141536
original_firstorder_RobustMeanAbsoluteDeviation.11,-0.09434561426840296
original_glrlm_RunLengthNonUniformity.4,-0.0943465710884981
original_shape_Maximum3DDiameter.10,-0.09440148760315525
original_shape_Maximum3DDiameter.7,-0.09440148760315525
original_shape_Maximum3DDiameter.1,-0.09440148760315525
original_shape_Maximum3DDiameter.4,-0.09440148760315525
original_glszm_LowGrayLevelZoneEmphasis.1,0.0944616623763629
original_glrlm_ShortRunEmphasis.9,-0.09464328804719603
original_glrlm_GrayLevelNonUniformity.11,-0.09465366720273144
original_gldm_HighGrayLevelEmphasis,-0.09500013865682704
original_glcm_Autocorrelation.11,-0.09508660697197363
original_glrlm_RunEntropy.7,-0.09641159487745109
original_glcm_MaximumProbability.5,0.09643494164773815
original_glcm_Autocorrelation,-0.09656926617042903
original_gldm_LowGrayLevelEmphasis,0.09689892418152372
original_gldm_DependenceEntropy.8,-0.09768646334953182
original_glrlm_LowGrayLevelRunEmphasis,0.09795142768154191
original_glcm_JointAverage.9,-0.09798723986216883
original_glszm_LowGrayLevelZoneEmphasis,0.09799980972775378
original_glrlm_RunEntropy.3,-0.09812064286210115
original_firstorder_90Percentile.9,-0.09817361175745015
original_glcm_Idn.7,-0.09831047163406792
original_glcm_Idmn.7,-0.09849691409984895
original_firstorder_Kurtosis.5,-0.09855080716365482
original_glszm_LowGrayLevelZoneEmphasis.9,0.09856627109115626
original_glcm_ClusterProminence.1,-0.09894380046616949
original_glcm_JointAverage.3,-0.09905351699780625
original_firstorder_MeanAbsoluteDeviation.11,-0.09921108084118753
original_glszm_GrayLevelNonUniformity.1,-0.09978961410385172
original_gldm_LargeDependenceHighGrayLevelEmphasis.10,-0.10011646871855322
original_glrlm_RunLengthNonUniformityNormalized.9,-0.10138357934799792
original_gldm_DependenceNonUniformity.4,-0.10150979494779094
original_glszm_SizeZoneNonUniformity.10,-0.10205968079321882
original_gldm_SmallDependenceLowGrayLevelEmphasis.10,0.10210812300373442
original_glszm_SmallAreaLowGrayLevelEmphasis.11,0.10280135933273912
original_glrlm_LongRunEmphasis,-0.10293111977226621
original_glrlm_ShortRunLowGrayLevelEmphasis.2,0.1029636792920113
original_firstorder_Skewness.2,-0.10302347622700395
original_gldm_LargeDependenceEmphasis.9,0.10306688998119252
original_glrlm_RunVariance,-0.10323175673612402
original_glszm_ZoneEntropy.8,-0.10339405961427196
original_glrlm_RunPercentage.9,-0.10340916767210628
original_glszm_SizeZoneNonUniformityNormalized.4,0.10381262038471534
original_glszm_SmallAreaLowGrayLevelEmphasis.5,0.1049406585099792
original_glszm_SizeZoneNonUniformity.7,-0.10518003675693798
original_glszm_ZoneEntropy.7,-0.10562975544736808
original_glcm_MaximumProbability.11,0.10589888930608099
original_gldm_GrayLevelNonUniformity.6,-0.1059540208314844
original_firstorder_Entropy.1,-0.10706557967021282
original_glcm_JointAverage.4,-0.10712803956014919
original_glszm_SizeZoneNonUniformity.2,-0.10717770170225645
original_firstorder_RobustMeanAbsoluteDeviation.1,-0.10725966065236095
original_glrlm_LongRunHighGrayLevelEmphasis.4,-0.10747673568421108
original_glrlm_ShortRunLowGrayLevelEmphasis.4,0.10767602156028765
original_glrlm_RunEntropy.4,-0.1077440146036894
original_glcm_Correlation.8,-0.10799676805057604
original_glszm_SizeZoneNonUniformity.1,-0.10834384476821397
original_firstorder_InterquartileRange.1,-0.10859077998197801
original_firstorder_Range.5,-0.10926133705520741
original_glcm_Imc1.1,0.10932811412574829
original_glcm_DifferenceEntropy.9,-0.10982758013402197
original_gldm_SmallDependenceLowGrayLevelEmphasis.6,0.10983318385160609
original_glcm_Contrast,0.10990305757812292
original_glrlm_ShortRunLowGrayLevelEmphasis.1,0.11026618817556152
original_glcm_Imc2.4,-0.11043025655974185
original_glrlm_LongRunHighGrayLevelEmphasis.3,-0.11056998526239623
original_glszm_LargeAreaHighGrayLevelEmphasis.3,-0.11084478461587997
original_firstorder_Range.4,-0.11114980563155487
original_firstorder_Uniformity.11,0.11117654985166997
original_gldm_SmallDependenceLowGrayLevelEmphasis.2,0.1111928840805398
original_glcm_DifferenceVariance,0.11146830756528558
original_glcm_JointEntropy.11,-0.11157730766311484
original_glcm_SumEntropy.1,-0.1132617239969629
original_gldm_DependenceEntropy.4,-0.11354129389902094
original_glrlm_LongRunHighGrayLevelEmphasis.5,-0.11354214941413726
original_firstorder_MeanAbsoluteDeviation.1,-0.11363889762655016
original_glrlm_ShortRunLowGrayLevelEmphasis.11,0.1140673442425841
original_gldm_LowGrayLevelEmphasis.9,0.11493500745312547
original_glszm_GrayLevelNonUniformity.7,-0.11549205717427975
original_glszm_ZoneEntropy.2,-0.11627502246792687
original_glcm_Id.9,0.11650068853153643
original_glszm_SizeZoneNonUniformity.11,-0.11650283151354783
original_gldm_GrayLevelVariance.1,-0.1166433634798351
original_firstorder_Variance.1,-0.1166488623942996
original_glcm_Idm.9,0.11677411619360686
original_glszm_GrayLevelNonUniformityNormalized.1,0.1171053579625095
original_glrlm_GrayLevelNonUniformityNormalized.11,0.11711877911992583
original_glcm_Imc2.10,-0.1172216064551829
original_glrlm_GrayLevelVariance.1,-0.1175149602218232
original_glrlm_LowGrayLevelRunEmphasis.9,0.11766205779156474
original_glszm_SmallAreaHighGrayLevelEmphasis.1,-0.11769559320997473
original_glszm_ZonePercentage,0.11770397544287205
original_firstorder_Kurtosis,-0.11772655928584513
original_gldm_LargeDependenceHighGrayLevelEmphasis.7,-0.11788184792378775
original_glcm_Imc2.8,-0.1180598203263659
original_gldm_LargeDependenceEmphasis,-0.11927775894934133
original_glszm_ZonePercentage.10,-0.11929798819719649
original_glcm_Correlation.4,-0.11982091016426687
original_glcm_SumSquares.1,-0.12013689889980807
original_gldm_LargeDependenceHighGrayLevelEmphasis.6,-0.12027750854033283
original_glcm_Correlation.2,-0.12032135498700428
original_glrlm_ShortRunEmphasis,0.12057783317356274
original_glszm_SizeZoneNonUniformity.8,-0.12063814703034775
original_firstorder_Entropy.5,-0.12082138199725458
original_glcm_Imc1.7,0.1212321650813887
original_glszm_GrayLevelNonUniformityNormalized.10,0.12155846336940952
original_gldm_SmallDependenceLowGrayLevelEmphasis.1,0.12170051221861726
original_glrlm_LongRunEmphasis.10,0.12179359125623017
original_glrlm_RunVariance.10,0.1220379328581988
original_firstorder_Kurtosis.8,0.12219933516564574
original_glrlm_RunLengthNonUniformity.7,-0.12236108445212678
original_glcm_ClusterTendency.1,-0.12276388470936243
original_glszm_GrayLevelNonUniformityNormalized.5,0.12305090962880037
original_glcm_ClusterProminence.2,0.12313750781773147
original_glcm_JointEnergy.9,0.12333040354902552
original_firstorder_10Percentile.1,-0.12358316457648216
original_gldm_SmallDependenceEmphasis,0.1238972831888946
original_glszm_LowGrayLevelZoneEmphasis.2,0.12402811406121697
original_gldm_GrayLevelNonUniformity.3,-0.12455035497451344
original_glszm_GrayLevelVariance.1,-0.12465928245850175
original_glrlm_GrayLevelNonUniformityNormalized.10,0.12499059433835458
original_glrlm_RunPercentage,0.1252920001441687
original_glszm_GrayLevelNonUniformityNormalized.11,0.12534592747987927
original_firstorder_Energy.9,-0.1256002881656204
original_firstorder_TotalEnergy.9,-0.1256002881656204
original_firstorder_90Percentile.11,-0.1258518924922088
original_glrlm_LongRunHighGrayLevelEmphasis.11,-0.1268103539826583
original_firstorder_Mean.1,-0.12702460475769467
original_firstorder_RootMeanSquared.1,-0.1272111913262139
original_firstorder_90Percentile.1,-0.12727648402838249
original_gldm_SmallDependenceEmphasis.10,-0.12728969608068078
original_glcm_Correlation.9,-0.12740557263970667
original_firstorder_Median.1,-0.1274845132108325
original_glrlm_RunLengthNonUniformityNormalized,0.12804434881073612
original_glcm_DifferenceAverage.10,-0.12827703904951157
original_glszm_ZoneEntropy.3,-0.12903744467248748
original_glszm_HighGrayLevelZoneEmphasis.1,-0.12914098304191232
original_firstorder_Uniformity.10,0.12915718936647405
original_firstorder_Maximum.11,-0.12961209892586695
original_glrlm_GrayLevelNonUniformity.9,-0.12969510539393728
original_glcm_JointAverage.5,-0.1299156745863315
original_glcm_MaximumProbability.10,0.12995336105929822
original_glcm_DifferenceAverage,0.12996853403965652
original_glrlm_ShortRunHighGrayLevelEmphasis.1,-0.13027065733489057
original_glcm_Idmn.2,-0.1304202854884849
original_firstorder_TotalEnergy.2,-0.1309208959325078
original_firstorder_Energy.2,-0.1309208959325078
original_glrlm_GrayLevelNonUniformity.6,-0.13116223292853996
original_glrlm_RunLengthNonUniformity.1,-0.1311760459649406
original_firstorder_Maximum.1,-0.1313137370682834
original_glcm_Imc2.7,-0.13153458886926547
original_firstorder_RootMeanSquared.11,-0.13172119185132827
original_firstorder_Mean.11,-0.131876976151546
original_gldm_SmallDependenceLowGrayLevelEmphasis.4,0.1320133693927539
original_glcm_Correlation.10,-0.13239600828983958
original_gldm_DependenceNonUniformity.3,-0.13295917086051123
original_glcm_DifferenceEntropy,0.13320371096527855
original_gldm_DependenceNonUniformity.7,-0.13321033330786064
original_firstorder_Entropy.11,-0.13344103606349894
original_firstorder_Median.11,-0.13396828443269868
original_glrlm_ShortRunLowGrayLevelEmphasis.9,0.13409342774120123
original_firstorder_10Percentile.11,-0.13428699713752995
original_firstorder_Maximum.9,-0.1349201546482255
original_firstorder_Range.11,-0.13519395623990296
original_gldm_DependenceVariance,-0.1352077400451245
original_firstorder_Maximum.10,-0.13548147051910708
original_gldm_DependenceNonUniformity.1,-0.13552102370116992
original_glcm_Idn.9,-0.13574052284393265
original_gldm_GrayLevelNonUniformity.8,-0.13649592670796296
original_glszm_SizeZoneNonUniformity.6,-0.13658738939784504
original_glcm_Idm,-0.13685846877693394
original_glcm_Id,-0.13705979392265716
original_glszm_SmallAreaLowGrayLevelEmphasis.2,0.13725904321407878
original_glrlm_RunLengthNonUniformity,-0.1374861099353828
original_glrlm_GrayLevelNonUniformityNormalized.5,0.13855039435726763
original_gldm_DependenceEntropy.3,-0.13856426920625167
original_glcm_SumEntropy.5,-0.13858641824009
original_glrlm_HighGrayLevelRunEmphasis.1,-0.13869386782062654
original_gldm_DependenceNonUniformityNormalized,0.1391152565888124
original_gldm_HighGrayLevelEmphasis.1,-0.13929454990600365
original_firstorder_MeanAbsoluteDeviation.10,-0.13941251752036654
original_gldm_DependenceVariance.9,0.1396325843414922
original_shape_Maximum2DDiameterSlice.10,-0.13971312738707786
original_shape_Maximum2DDiameterSlice.7,-0.13971312738707786
original_shape_Maximum2DDiameterSlice.4,-0.13971312738707786
original_shape_Maximum2DDiameterSlice.1,-0.13971312738707786
original_glcm_SumEntropy.11,-0.1399605070245172
original_firstorder_Range.10,-0.13999417428333077
original_glcm_Autocorrelation.1,-0.14027844626951855
original_firstorder_RobustMeanAbsoluteDeviation.10,-0.1412164960742884
original_glszm_GrayLevelNonUniformity.3,-0.14135377440444913
original_glcm_Idn.6,-0.14206147276869693
original_firstorder_10Percentile.10,-0.14217298859413585
original_firstorder_TotalEnergy.1,-0.1422330775341704
original_firstorder_Energy.1,-0.1422330775341704
original_glszm_GrayLevelNonUniformity,-0.1423333521306059
original_glszm_LargeAreaHighGrayLevelEmphasis.5,-0.14237086540965851
original_firstorder_Skewness.4,0.14244312658560287
original_glszm_LargeAreaHighGrayLevelEmphasis.4,-0.14265213238658267
original_glszm_GrayLevelNonUniformity.10,-0.14279895379017618
original_firstorder_Median.10,-0.14296161303736893
original_firstorder_InterquartileRange.10,-0.14306484736388
original_firstorder_Mean.10,-0.14321468080138977
original_shape_Sphericity.3,0.143391890126702
original_shape_Sphericity.6,0.143391890126702
original_shape_Sphericity.11,0.143391890126702
original_shape_Sphericity,0.143391890126702
original_firstorder_90Percentile.10,-0.14348011204202393
original_firstorder_RootMeanSquared.10,-0.1434847295944748
original_glcm_Correlation.1,-0.14349184518329539
original_glcm_Imc1.11,0.14363206651678442
original_gldm_DependenceNonUniformityNormalized.10,-0.14390913066693928
original_gldm_LargeDependenceHighGrayLevelEmphasis,-0.1439738980530072
original_glcm_Imc2.1,-0.14476053544355355
original_glcm_JointAverage.11,-0.14515173835287504
original_glrlm_LongRunHighGrayLevelEmphasis,-0.14535977967084826
original_glszm_GrayLevelNonUniformityNormalized.9,0.14624286850366755
original_firstorder_Range.9,-0.14648355211038674
original_gldm_LargeDependenceHighGrayLevelEmphasis.3,-0.1466964545055212
original_glcm_MaximumProbability.9,0.14686034091471956
original_gldm_SmallDependenceLowGrayLevelEmphasis.11,0.14723178655542116
original_glrlm_GrayLevelNonUniformity.3,-0.14743139926165028
original_firstorder_Uniformity.5,0.14781509310596225
original_glrlm_RunEntropy.1,-0.1485788267917416
original_glcm_Imc1.4,0.14986194778278258
original_shape_Maximum2DDiameterRow.4,-0.15222993547472796
original_shape_Maximum2DDiameterRow.10,-0.15222993547472796
original_shape_Maximum2DDiameterRow.7,-0.15222993547472796
original_shape_Maximum2DDiameterRow.1,-0.15222993547472796
original_glcm_DifferenceEntropy.10,-0.1522974990532613
original_gldm_SmallDependenceLowGrayLevelEmphasis.3,0.15268446920129167
original_glcm_Correlation.7,-0.15310723472997484
original_firstorder_Kurtosis.11,-0.15313545465081846
original_glcm_Idmn.6,-0.153271447550221
original_firstorder_Range.1,-0.1535673516242536
original_glcm_JointAverage.10,-0.1536676511346867
original_glrlm_ShortRunLowGrayLevelEmphasis,0.15413368355954665
original_glrlm_RunEntropy.10,-0.15441874318658022
original_gldm_GrayLevelNonUniformity.5,-0.1547222825147067
original_glcm_Imc2,-0.15479677009820472
original_glszm_LargeAreaHighGrayLevelEmphasis,-0.1551329562378203
original_glszm_GrayLevelNonUniformity.5,-0.1552381272379828
original_gldm_DependenceNonUniformity.10,-0.15566150378898844
original_glrlm_ShortRunEmphasis.10,-0.15625483196076342
original_glcm_Imc2.2,-0.1571184680435298
original_firstorder_Energy,-0.1576369037059249
original_firstorder_TotalEnergy,-0.1576369037059249
original_gldm_LargeDependenceHighGrayLevelEmphasis.1,-0.15777763967221867
original_gldm_LargeDependenceEmphasis.10,0.1587893432213898
original_glcm_JointAverage.1,-0.15905894662249587
original_gldm_DependenceNonUniformity,-0.1607267629228033
original_glcm_Id.10,0.1617961099170481
original_glszm_SmallAreaLowGrayLevelEmphasis.9,0.16240881328480733
original_gldm_DependenceNonUniformity.2,-0.1630362704342459
original_glcm_Idm.10,0.16315900337064693
original_gldm_DependenceEntropy.10,-0.163544877089173
original_gldm_DependenceEntropy.1,-0.16421068368070538
original_glrlm_RunLengthNonUniformityNormalized.10,-0.16468777232770826
original_glrlm_RunPercentage.10,-0.16468944942832883
original_glrlm_LongRunHighGrayLevelEmphasis.1,-0.164962319111083
original_gldm_DependenceEntropy.9,-0.1653076095505997
original_gldm_SmallDependenceLowGrayLevelEmphasis.9,0.16533034318223627
original_glcm_Imc2.3,-0.16609214480032045
original_glcm_JointEntropy.9,-0.16672375580964044
original_gldm_LargeDependenceHighGrayLevelEmphasis.5,-0.16779233353014555
original_glcm_Idmn.9,-0.16781145414022164
original_firstorder_Uniformity.9,0.1680308043903257
original_glrlm_GrayLevelNonUniformityNormalized.9,0.16806619212870516
original_gldm_GrayLevelNonUniformity.2,-0.16812488187079944
original_glrlm_RunLengthNonUniformity.3,-0.1685519350494485
original_glrlm_RunEntropy.5,-0.1687576316202601
original_glcm_JointEntropy.10,-0.1692964774510202
original_glrlm_RunLengthNonUniformity.10,-0.16942926695467297
original_firstorder_Skewness,0.16986219291261667
original_glcm_Imc1.3,0.170895961864995
original_glcm_SumEntropy.10,-0.17097818708035317
original_firstorder_Entropy.10,-0.17162345679655444
original_gldm_DependenceNonUniformity.6,-0.17310432935537146
original_gldm_DependenceNonUniformity.11,-0.17352017111252485
original_gldm_GrayLevelNonUniformity,-0.17363150164058333
original_gldm_DependenceNonUniformity.8,-0.1737955743317094
original_firstorder_Skewness.3,0.173813996012972
original_glrlm_RunEntropy.9,-0.17428511733533344
original_gldm_DependenceNonUniformity.5,-0.17695979990295213
original_glrlm_GrayLevelNonUniformity.8,-0.1774641945244192
original_shape_Sphericity.7,0.17753884850305265
original_shape_Sphericity.1,0.17753884850305265
original_shape_Sphericity.10,0.17753884850305265
original_shape_Sphericity.4,0.17753884850305265
original_glcm_Correlation.3,-0.17791772413233292
original_glszm_GrayLevelNonUniformity.2,-0.17830047578600874
original_glszm_ZoneEntropy.4,-0.1787390885969458
original_shape_Maximum2DDiameterColumn.4,-0.17917196236555066
original_shape_Maximum2DDiameterColumn.10,-0.17917196236555066
original_shape_Maximum2DDiameterColumn.1,-0.17917196236555066
original_shape_Maximum2DDiameterColumn.7,-0.17917196236555066
original_firstorder_Entropy.9,-0.17991614590385235
original_gldm_DependenceVariance.10,0.18015348073965448
original_glcm_Idn.2,-0.18035772817262025
original_glrlm_RunEntropy.11,-0.1816490666817403
original_glszm_ZoneEntropy.5,-0.1826066205569496
original_gldm_DependenceEntropy.5,-0.18276837368237733
original_shape_MeshVolume.6,-0.18319169424045137
original_shape_MeshVolume,-0.18319169424045137
original_shape_MeshVolume.3,-0.18319169424045137
original_shape_MeshVolume.11,-0.18319169424045137
original_glszm_ZoneEntropy.9,-0.1836374891565764
original_shape_VoxelVolume.11,-0.18448685412890398
original_shape_VoxelVolume.6,-0.18448685412890398
original_shape_VoxelVolume,-0.18448685412890398
original_shape_VoxelVolume.3,-0.18448685412890398
original_firstorder_Kurtosis.4,-0.18546352448497663
original_glrlm_GrayLevelNonUniformity.5,-0.18607777645496512
original_glcm_Imc2.9,-0.18641654157888574
original_glcm_SumEntropy.9,-0.18799416644529493
original_glrlm_RunLengthNonUniformity.6,-0.18818552660878937
original_shape_Sphericity.2,0.18977370468107382
original_shape_Sphericity.5,0.18977370468107382
original_shape_Sphericity.8,0.18977370468107382
original_shape_Sphericity.9,0.18977370468107382
original_glrlm_RunLengthNonUniformity.2,-0.19094655295157825
original_firstorder_Skewness.9,-0.19165034864851643
original_glszm_GrayLevelNonUniformity.11,-0.19173174570396653
original_glcm_Imc1.2,0.19229751953397425
original_glcm_Imc1,0.19263682793735198
original_glrlm_RunLengthNonUniformity.11,-0.19378530373382857
original_gldm_DependenceEntropy.11,-0.19539920341648545
original_glrlm_GrayLevelNonUniformity,-0.19572309316534056
original_shape_Maximum2DDiameterColumn,-0.1986957164447493
original_shape_Maximum2DDiameterColumn.3,-0.1986957164447493
original_shape_Maximum2DDiameterColumn.11,-0.1986957164447493
original_shape_Maximum2DDiameterColumn.6,-0.1986957164447493
original_glcm_Idmn.1,-0.19884521010592662
original_gldm_SmallDependenceLowGrayLevelEmphasis,0.1995436676896886
original_glcm_Idn.1,-0.19977332930963726
original_shape_LeastAxisLength.1,-0.2001163576447351
original_shape_LeastAxisLength.7,-0.2001163576447351
original_shape_LeastAxisLength.10,-0.2001163576447351
original_shape_LeastAxisLength.4,-0.2001163576447351
original_shape_MajorAxisLength.7,-0.20094469185994548
original_shape_MajorAxisLength.10,-0.20094469185994548
original_shape_MajorAxisLength.4,-0.20094469185994548
original_shape_MajorAxisLength.1,-0.20094469185994548
original_glszm_ZoneEntropy.11,-0.20153780642591063
original_glrlm_RunLengthNonUniformity.5,-0.20177059652837329
Age,-0.20238198926348808
original_gldm_LargeDependenceHighGrayLevelEmphasis.11,-0.20290996879857948
original_glszm_SizeZoneNonUniformity.9,-0.20423925243501828
original_glcm_Idmn.4,-0.20452081694663268
original_shape_LeastAxisLength,-0.20592347725039525
original_shape_LeastAxisLength.3,-0.20592347725039525
original_shape_LeastAxisLength.11,-0.20592347725039525
original_shape_LeastAxisLength.6,-0.20592347725039525
original_shape_SurfaceArea.1,-0.2062462778954811
original_shape_SurfaceArea.4,-0.2062462778954811
original_shape_SurfaceArea.7,-0.2062462778954811
original_shape_SurfaceArea.10,-0.2062462778954811
original_glszm_ZoneEntropy.1,-0.20635912586740496
original_glcm_Correlation,-0.206738058123864
original_glszm_GrayLevelNonUniformity.6,-0.20872967321343783
original_glcm_Imc2.11,-0.2098503767597898
original_glcm_Idn.3,-0.2104534255365687
original_glcm_ClusterShade.2,-0.21301689284355274
original_glcm_Idmn.5,-0.21367685700756858
original_glszm_ZoneEntropy.10,-0.21581073425874187
original_shape_MinorAxisLength.11,-0.21917312499053637
original_shape_MinorAxisLength.3,-0.21917312499053637
original_shape_MinorAxisLength.6,-0.21917312499053637
original_shape_MinorAxisLength,-0.21917312499053637
original_glcm_Imc1.5,0.22112085638812318
original_shape_Maximum2DDiameterRow.2,-0.22415738491057616
original_shape_Maximum2DDiameterRow.5,-0.22415738491057616
original_shape_Maximum2DDiameterRow.8,-0.22415738491057616
original_shape_Maximum2DDiameterRow.9,-0.22415738491057616
original_gldm_LargeDependenceHighGrayLevelEmphasis.4,-0.22452213614864844
original_glszm_GrayLevelNonUniformity.8,-0.22523158523498496
original_glrlm_RunLengthNonUniformity.8,-0.2258409339466919
original_glcm_Idn.5,-0.22651026628553553
original_shape_Maximum2DDiameterSlice.8,-0.22840549062291782
original_shape_Maximum2DDiameterSlice.2,-0.22840549062291782
original_shape_Maximum2DDiameterSlice.9,-0.22840549062291782
original_shape_Maximum2DDiameterSlice.5,-0.22840549062291782
original_shape_MeshVolume.5,-0.229067022937952
original_shape_MeshVolume.8,-0.229067022937952
original_shape_MeshVolume.9,-0.229067022937952
original_shape_MeshVolume.2,-0.229067022937952
original_glcm_Correlation.11,-0.22989218098304628
original_glcm_Idmn.3,-0.23054428637907237
original_glrlm_GrayLevelNonUniformity.2,-0.23181294751390416
original_shape_VoxelVolume.9,-0.23203192157398106
original_shape_VoxelVolume.5,-0.23203192157398106
original_shape_VoxelVolume.2,-0.23203192157398106
original_shape_VoxelVolume.8,-0.23203192157398106
original_shape_MajorAxisLength.6,-0.23409219788897243
original_shape_MajorAxisLength.3,-0.23409219788897243
original_shape_MajorAxisLength,-0.23409219788897243
original_shape_MajorAxisLength.11,-0.23409219788897243
original_shape_Maximum3DDiameter.9,-0.23444516172797056
original_shape_Maximum3DDiameter.2,-0.23444516172797056
original_shape_Maximum3DDiameter.5,-0.23444516172797056
original_shape_Maximum3DDiameter.8,-0.23444516172797056
original_glcm_Idn.4,-0.23653544866426754
original_shape_Maximum3DDiameter.6,-0.23975898403249746
original_shape_Maximum3DDiameter,-0.23975898403249746
original_shape_Maximum3DDiameter.11,-0.23975898403249746
original_shape_Maximum3DDiameter.3,-0.23975898403249746
original_shape_Maximum2DDiameterColumn.2,-0.2402823624202323
original_shape_Maximum2DDiameterColumn.9,-0.2402823624202323
original_shape_Maximum2DDiameterColumn.8,-0.2402823624202323
original_shape_Maximum2DDiameterColumn.5,-0.2402823624202323
original_shape_Maximum2DDiameterSlice,-0.24160633607282958
original_shape_Maximum2DDiameterSlice.3,-0.24160633607282958
original_shape_Maximum2DDiameterSlice.11,-0.24160633607282958
original_shape_Maximum2DDiameterSlice.6,-0.24160633607282958
original_shape_Maximum2DDiameterRow.11,-0.24785304874363306
original_shape_Maximum2DDiameterRow.6,-0.24785304874363306
original_shape_Maximum2DDiameterRow,-0.24785304874363306
original_shape_Maximum2DDiameterRow.3,-0.24785304874363306
original_glcm_Correlation.5,-0.2492868393493303
original_shape_MajorAxisLength.9,-0.25090087269118594
original_shape_MajorAxisLength.8,-0.25090087269118594
original_shape_MajorAxisLength.2,-0.25090087269118594
original_shape_MajorAxisLength.5,-0.25090087269118594
original_shape_SurfaceArea.3,-0.25319124073280264
original_shape_SurfaceArea.6,-0.25319124073280264
original_shape_SurfaceArea,-0.25319124073280264
original_shape_SurfaceArea.11,-0.25319124073280264
original_glszm_GrayLevelNonUniformity.9,-0.25764943308330984
original_shape_MinorAxisLength.10,-0.26182680036750683
original_shape_MinorAxisLength.4,-0.26182680036750683
original_shape_MinorAxisLength.7,-0.26182680036750683
original_shape_MinorAxisLength.1,-0.26182680036750683
original_glcm_Imc2.5,-0.26415857857316116
original_gldm_DependenceNonUniformity.9,-0.26612448484286827
original_glrlm_RunLengthNonUniformity.9,-0.27372875802048036
original_shape_SurfaceArea.8,-0.2755888256254917
original_shape_SurfaceArea.9,-0.2755888256254917
original_shape_SurfaceArea.2,-0.2755888256254917
original_shape_SurfaceArea.5,-0.2755888256254917
original_glcm_Idn,-0.2763275623558705
original_glcm_Idn.11,-0.2811691581654214
original_glcm_Idmn,-0.2812304821678518
original_shape_MinorAxisLength.2,-0.2870901989032349
original_shape_MinorAxisLength.9,-0.2870901989032349
original_shape_MinorAxisLength.5,-0.2870901989032349
original_shape_MinorAxisLength.8,-0.2870901989032349
original_shape_LeastAxisLength.2,-0.28852681124399204
original_shape_LeastAxisLength.5,-0.28852681124399204
original_shape_LeastAxisLength.9,-0.28852681124399204
original_shape_LeastAxisLength.8,-0.28852681124399204
original_glcm_Idmn.11,-0.3080518913537628
Survival,1.0
